,day,tag,sentiment,retweets,likes
0,3,MAGA,0.6000000238418579,7324.0,76846.77777777778
1,5,FakeNews,0.800000011920929,10254.0,83844.58333333333
2,10,MAGA,0.4000000059604645,15399.0,113384.5
3,11,FakeNews,-0.20000000298023224,29608.0,118040.0
4,14,AFBF100,0.4000000059604645,12524.0,102055.13333333333
5,20,,,,
