,day,tag,sentiment,retweets,likes
0,3,MAGA,0.6000000238418579,7324.0,76846.77777777778
1,4,,,,
