,day,tag,sentiment,retweets,likes
0,3,MAGA,0.6000000238418579,7324.0,76846.77777777778
1,5,FakeNews,0.800000011920929,10254.0,83844.58333333333
2,10,,,,
