,day,tag,sentiment,retweets,likes
0,1,jairbolsonaro,0.699999988079071,7610.0,94796.26666666666
1,2,,,,
2,3,GOP,0.6000000238418579,7324.0,76846.77777777778
3,4,cvpayne,0.0,10801.0,42641.0
