,day,tag,sentiment,retweets,likes
0,1,,,,
1,2,jacknicklaus,0.4000000059604645,21466.0,122315.0
2,2,TigerWoods,0.4000000059604645,21466.0,122315.0
3,3,FaceTheNation,0.4000000059604645,14027.0,76431.6
4,3,CBS,0.4000000059604645,14027.0,76431.6
